Id,Image Name,Object No,Min point,Max point,Position,Size of Image,Size of Object,Size Ratio,Background Color,Resolution,Status,Breaking Point,Width,Length,Breaking Width,Breaking Length,
1,FudanPed00001.png,1,(160 182),(302 431),Center,"559, 536","142, 249",0.118007903,B4A89D,95,TRUE,0.8,142,249,28.4,49.8,1414.32
2,FudanPed00001.png,2,(420 171),(535 486),Right,"559, 536","115, 315",0.12090153,B4A89D,95,TRUE,0.9,115,315,11.5,31.5,362.25
3,FudanPed00002.png,1,(68 93),(191 380),Left,"455, 414","123, 287",0.187402453,7C8767,95,TRUE,0.8,123,287,24.6,57.4,1412.04
4,FudanPed00003.png,1,(293 135),(447 421),Right,"479, 445","154, 286",0.206628979,464F39,95,TRUE,0.9,154,286,15.4,28.6,440.44
5,FudanPed00004.png,1,(168 60),(324 338),Center,"396, 397","156, 278",0.275856805,7C8074,95,TRUE,0.9,156,278,15.6,27.8,433.68
6,FudanPed00004.png,2,(9 61),(48 180),Top Left,"396, 397","39, 119",0.029520647,7C8075,95,TRUE,0.5,39,119,19.5,59.5,1160.25
7,FudanPed00005.png,1,(188 59),(320 336),Right,"335, 344","132, 277",0.317285665,787C6B,95,TRUE,0.9,132,277,13.2,27.7,365.64
8,FudanPed00005.png,2,(2 53),(40 158),Top Left,"335, 344","38, 105",0.034623395,787C6B,95,TRUE,0.5,38,105,19,52.5,997.5
9,FudanPed00006.png,1,(208 108),(346 385),Right,"385, 426","138, 277",0.233071154,3D4834,95,TRUE,0.9,138,277,13.8,27.7,382.26
10,FudanPed00006.png,2,(2 108),(87 384),Left,"385, 426","85, 276",0.143040059,3D4834,95,TRUE,0.8,85,276,17,55.2,938.4
11,FudanPed00007.png,1,(112 69),(218 346),Left,"539, 381","106, 277",0.142978881,80827D,95,TRUE,0.8,106,277,21.2,55.4,1174.48
12,FudanPed00007.png,2,(378 76),(529 377),Right,"539, 381","151, 301",0.221324607,80827D,95,TRUE,0.9,151,301,15.1,30.1,454.51
13,FudanPed00007.png,3,(317 108),(347 192),Right,"539, 381","30, 84",0.012271193,80827D,95,TRUE,0.3,30,84,21,58.8,1234.8
14,FudanPed00008.png,1,(228 158),(370 436),Right,"388, 454","142, 278",0.224101912,71786C,95,TRUE,0.8,142,278,28.4,55.6,1579.04
15,FudanPed00008.png,2,(39 179),(115 363),Left,"388, 454","76, 184",0.079385985,71786C,95,TRUE,0.8,76,184,15.2,36.8,559.36
16,FudanPed00009.png,1,(306 138),(453 430),Right,"465, 441","147, 292",0.209318996,2C2F2A,95,TRUE,0.9,147,292,14.7,29.2,429.24
17,FudanPed00009.png,2,(157 124),(298 398),Center,"465, 441","141, 274",0.1883988,2C2F2A,95,TRUE,0.8,141,274,28.2,54.8,1545.36
18,FudanPed00010.png,1,(281 90),(401 374),Right,"411, 393","120, 284",0.210991623,38452C,95,TRUE,0.8,120,284,24,56.8,1363.2
19,FudanPed00011.png,1,(278 112),(438 394),Right,"459, 420","160, 282",0.234049175,3D4A2B,95,TRUE,0.8,160,282,32,56.4,1804.8
20,FudanPed00012.png,1,(159 71),(295 361),Center,"468, 384","136, 290",0.219462251,2E3A1D,95,TRUE,0.9,136,290,13.6,29,394.4
21,FudanPed00012.png,2,(328 58),(439 327),Right,"468, 384","111, 269",0.166149172,2E3A1D,95,TRUE,0.8,111,269,22.2,53.8,1194.36
22,FudanPed00013.png,1,(389 193),(554 476),Right,"652, 498","165, 283",0.143811442,393C35,95,TRUE,0.9,165,283,16.5,28.3,466.95
23,FudanPed00014.png,1,(234 86),(405 367),Right,"456, 383","171, 281",0.275130548,8F9283,95,TRUE,0.8,171,281,34.2,56.2,1922.04
24,FudanPed00015.png,1,(19 43),(174 327),Center,"336, 349","155, 284",0.375392277,9D9C99,95,TRUE,0.9,155,284,15.5,28.4,440.2
25,FudanPed00016.png,1,(80 86),(205 383),Left,"544, 425","125, 297",0.16057526,272F20,95,TRUE,0.8,125,297,25,59.4,1485
26,FudanPed00016.png,2,(279 94),(400 361),Right,"544, 425","121, 267",0.139736159,272F20,95,TRUE,0.9,121,267,12.1,26.7,323.07
27,FudanPed00016.png,3,(411 101),(495 378),Right,"544, 425","84, 277",0.100640138,272F20,95,TRUE,0.8,84,277,16.8,55.4,930.72
28,FudanPed00017.png,1,(115 48),(244 332),Center,"266, 342","129, 284",0.40271732,A2A4A1,95,TRUE,0.9,129,284,12.9,28.4,366.36
29,FudanPed00018.png,1,(20 19),(126 304),,"253, 323","106, 285",0.369681469,999996,95,TRUE,0.8,106,285,21.2,57,1208.4
30,FudanPed00019.png,1,(7 135),(142 389),Left,"497, 442","135, 254",0.156094941,7C806D,95,TRUE,0.9,135,254,13.5,25.4,342.9
31,FudanPed00019.png,2,(194 123),(339 421),Center,"497, 442","145, 298",0.196700565,7C806D,95,TRUE,,145,298,,AVG,904
32,FudanPed00020.png,1,(339 99),(508 381),Right,"555, 417","169, 282",0.20592391,905A3F,95,TRUE,,169,282,,,
33,FudanPed00021.png,1,(324 76),(470 367),Right,"490, 378","146, 291",0.229381276,C0B9AB,95,TRUE,,146,291,,,
34,FudanPed00021.png,2,(234 93),(268 167),Top,"490, 378","34, 74",0.013583846,C0B9AB,95,TRUE,,34,74,,,
35,FudanPed00021.png,3,(47 95),(69 160),Top Left,"490, 378","22, 65",0.007720549,C0B9AB,95,TRUE,,22,65,,,
36,FudanPed00022.png,1,(112 169),(209 449),Left,"536, 465","97, 280",0.108971273,272B20,95,TRUE,,97,280,,,
37,FudanPed00022.png,2,(397 171),(514 455),Right,"536, 465","117, 284",0.133317285,272B20,95,TRUE,,117,284,,,
38,FudanPed00023.png,1,(202 84),(341 366),Right,"376, 378","139, 282",0.275793651,787871,95,TRUE,,139,282,,s,
39,FudanPed00024.png,1,(103 84),(270 370),Center,"479, 378","167, 286",0.263788095,2B331D,95,TRUE,,167,286,,,
40,FudanPed00025.png,1,(226 69),(396 354),Right,"425, 369","170, 285",0.308943089,222528,95,TRUE,,170,285,,,
41,FudanPed00025.png,2,(44 87),(94 256),Left,"425, 369","50, 169",0.053881715,222528,95,TRUE,,50,169,,,
42,FudanPed00025.png,3,(128 74),(189 262),Left,"425, 369","61, 188",0.073126096,222528,95,TRUE,,61,188,,,
43,FudanPed00025.png,4,(180 53),(228 255),Center,"425, 369","48, 202",0.061826877,222528,95,TRUE,,48,202,,,
44,FudanPed00025.png,5,(213 73),(273 262),Right,"425, 369","60, 189",0.0723099,222528,95,TRUE,,60,189,,,
45,FudanPed00025.png,6,(314 62),(383 266),Right,"425, 369","69, 204",0.089756098,222528,95,TRUE,,69,204,,,
46,FudanPed00026.png,1,(44 78),(150 389),Left,"440, 427","106, 311",0.175463062,1B201F,95,TRUE,,106,311,,,
47,FudanPed00026.png,2,(185 89),(279 373),Center,"440, 427","94, 284",0.142090696,1B201F,95,TRUE,,94,284,,,
48,FudanPed00027.png,1,(104 45),(253 328),Center,"302, 363","149, 283",0.384644154,1E231F,95,TRUE,,149,283,,,
49,FudanPed00028.png,1,(7 16),(149 303),Left,"317, 345","142, 287",0.37264207,1F241F,95,TRUE,,142,287,,,
50,FudanPed00028.png,2,(186 18),(316 321),Right,"317, 345","130, 303",0.360170073,1F241F,95,TRUE,,130,303,,,
51,FudanPed00029.png,1,(246 72),(368 351),Right,"435, 404","122, 279",0.193683851,C9C6C0,95,TRUE,,122,279,,,
52,FudanPed00030.png,1,(59 85),(208 375),Left,"462, 387","149, 290",0.241674777,2C3A1D,95,TRUE,,149,290,,,
53,FudanPed00031.png,1,(298 122),(444 408),Right,"569, 430","146, 286",0.170662525,2C3C1C,95,TRUE,,146,286,,,
54,FudanPed00032.png,1,(456 162),(573 453),Right,"608, 474","117, 291",0.11813999,293E1C,95,TRUE,,117,291,,,
55,FudanPed00033.png,1,(165 53),(304 346),Center,"396, 357","139, 293",0.28808392,373B2D,95,TRUE,,139,293,,,
56,FudanPed00034.png,1,(111 37),(254 330),Center,"309, 351","143, 293",0.386311878,312D22,95,TRUE,,143,293,,,
57,FudanPed00035.png,1,(64 39),(195 331),Center,"292, 349","131, 292",0.375358166,BEB5A7,95,TRUE,,131,292,,,
58,FudanPed00036.png,1,(131 98),(279 394),Left,"1017, 444","148, 296",0.097017371,373B39,95,TRUE,,148,296,,,
59,FudanPed00036.png,2,(802 120),(937 381),Right,"1017, 444","135, 261",0.078031571,373B39,95,TRUE,,135,261,,,
60,FudanPed00036.png,3,(244 133),(330 363),Left,"1017, 444","86, 230",0.043804867,373B39,95,TRUE,,86,230,,,
61,FudanPed00036.png,4,(726 145),(789 345),Right,"1017, 444","63, 200",0.02790401,373B39,95,TRUE,,63,200,,,
62,FudanPed00037.png,1,(259 63),(415 349),Right,"423, 361","156, 286",0.292175006,737169,95,TRUE,,156,286,,,
63,FudanPed00037.png,2,(190 98),(209 170),Top Left,"423, 361","19, 72",0.008958567,737169,95,TRUE,,19,72,,,
64,FudanPed00038.png,1,(219 44),(400 331),Right,"422, 346","181, 287",0.355772128,736750,95,TRUE,,181,287,,,
65,FudanPed00039.png,1,(137 137),(199 311),Left,"493, 487","62, 174",0.044932963,3D472D,95,TRUE,,62,174,,,
66,FudanPed00039.png,2,(231 130),(331 410),Center,"493, 487","100, 280",0.116622447,3D472D,95,TRUE,,100,280,,,
67,FudanPed00040.png,1,(201 157),(279 437),Center,"550, 482","78, 280",0.082384006,CAC6BE,95,TRUE,,78,280,,,
68,FudanPed00040.png,2,(279 172),(377 430),Right,"550, 482","98, 258",0.09537533,CAC6BE,95,TRUE,,98,258,,,
69,FudanPed00041.png,1,(351 161),(439 437),Right,"552, 507","88, 276",0.08678501,363D31,95,TRUE,,88,276,,,
70,FudanPed00041.png,2,(284 181),(357 439),Right,"552, 507","73, 258",0.067296973,363D31,95,TRUE,,73,258,,,
71,FudanPed00041.png,3,(42 186),(110 388),Left,"552, 507","68, 202",0.049080982,363D31,95,TRUE,,68,202,,,
72,FudanPed00042.png,1,(159 186),(250 470),Left,"588, 547","91, 284",0.080351702,383B38,95,TRUE,,91,284,,,
73,FudanPed00042.png,2,(288 156),(392 449),Center,"588, 547","104, 293",0.094740638,383B38,95,TRUE,,104,293,,,
74,FudanPed00043.png,1,(64 139),(147 426),Left,"493, 518","83, 287",0.093278877,CECBC8,95,TRUE,,83,287,,,
75,FudanPed00043.png,2,(156 139),(248 435),Center,"493, 518","92, 296",0.106635758,CECBC8,95,TRUE,,92,296,,,
76,FudanPed00043.png,3,(261 128),(358 431),Right,"493, 518","97, 303",0.115090025,CECBC8,95,TRUE,,97,303,,,
77,FudanPed00044.png,1,(246 170),(340 462),Center,"521, 494","94, 292",0.106646359,C8C4C3,95,TRUE,,94,292,,,
78,FudanPed00044.png,2,(337 175),(426 464),Right,"521, 494","89, 289",0.099936279,C8C4C3,95,TRUE,,89,289,,,
79,FudanPed00044.png,3,(37 129),(181 492),Left,"521, 494","144, 363",0.203097438,C8C4C3,95,TRUE,,144,363,,,
80,FudanPed00044.png,4,(436 157),(501 402),Right,"521, 494","65, 245",0.061874937,C8C4C3,95,TRUE,,65,245,,,
81,FudanPed00045.png,1,(198 198),(294 481),Center,"487, 538","96, 283",0.103692282,2D2B28,95,TRUE,,96,283,,,
82,FudanPed00045.png,2,(319 201),(404 499),Right,"487, 538","85, 298",0.096677175,2D2B28,95,TRUE,,85,298,,,
83,FudanPed00045.png,3,(395 212),(469 495),Right,"487, 538","74, 283",0.079929467,2D2B28,95,TRUE,,74,283,,,
84,FudanPed00046.png,1,(178 123),(271 410),Left,"567, 438","93, 287",0.107475055,929291,95,TRUE,,93,287,,,
85,FudanPed00046.png,2,(299 114),(370 335),Right,"567, 438","71, 221",0.063182012,929291,95,TRUE,,71,221,,,
86,FudanPed00046.png,3,(446 104),(507 315),Right,"567, 438","61, 211",0.051826887,929291,95,TRUE,,61,211,,,
87,FudanPed00046.png,4,(521 119),(565 258),Right,"567, 438","44, 139",0.024626932,929291,95,TRUE,,44,139,,,
88,FudanPed00047.png,1,(272 198),(371 482),Right,"472, 520","99, 284",0.114553455,3B403D,95,TRUE,,99,284,,,
89,FudanPed00047.png,2,(31 195),(90 427),Left,"472, 520","59, 232",0.055769231,3B403D,95,TRUE,,59,232,,,
90,FudanPed00047.png,3,(384 185),(430 298),Right,"472, 520","46, 113",0.021178292,3B403D,95,TRUE,,46,113,,,
91,FudanPed00048.png,1,(6 242),(84 535),Left,"585, 559","78, 293",0.069886702,3B4437,95,TRUE,,78,293,,,
92,FudanPed00048.png,2,(79 231),(144 455),Left,"585, 559","65, 224",0.044523952,3B4437,95,TRUE,,65,224,,,
93,FudanPed00048.png,3,(158 219),(251 507),Left,"585, 559","93, 288",0.0819045,3B4437,95,TRUE,,93,288,,,
94,FudanPed00048.png,4,(460 263),(580 544),Right,"585, 559","120, 281",0.103114536,3B4437,95,TRUE,,120,281,,,
95,FudanPed00049.png,1,(127 123),(213 412),Left,"447, 512","86, 289",0.108597246,2C312B,95,TRUE,,86,289,,,
96,FudanPed00049.png,2,(214 106),(317 392),Center,"447, 512","103, 286",0.128713996,2C312B,95,TRUE,,103,286,,,
97,FudanPed00049.png,3,(315 107),(435 387),Right,"447, 512","120, 280",0.146812081,2C312B,95,TRUE,,120,280,,,
98,FudanPed00050.png,1,(33 203),(135 484),Left,"580, 516","102, 281",0.095769848,C2C0B9,95,TRUE,,102,281,,,
99,FudanPed00050.png,2,(291 205),(369 412),Right,"580, 516","78, 207",0.053949479,C2C0B9,95,TRUE,,78,207,,,
100,FudanPed00051.png,1,(126 191),(218 476),Left,"448, 501","92, 285",0.116819932,141814,95,TRUE,,92,285,,,
101,FudanPed00052.png,1,(206 189),(308 492),Center,"461, 504","102, 303",0.133018283,222925,95,TRUE,,102,303,,,
102,FudanPed00053.png,1,(94 169),(195 432),Left,"541, 580","101, 263",0.084654854,30302D,95,TRUE,,101,263,,,
103,FudanPed00053.png,2,(389 150),(499 453),Right,"541, 580","110, 303",0.106220919,30302D,95,TRUE,,110,303,,,
104,FudanPed00054.png,1,(97 135),(182 418),Left,"533, 498","85, 283",0.090625165,B3B5B7,95,TRUE,,85,283,,,
105,FudanPed00054.png,2,(287 114),(358 332),Right,"533, 498","71, 218",0.058312047,B3B5B7,95,TRUE,,71,218,,,
106,FudanPed00054.png,3,(364 121),(437 329),Right,"533, 498","73, 208",0.057204427,B3B5B7,95,TRUE,,73,208,,,
107,FudanPed00055.png,1,(148 178),(277 530),Center,"390, 555","129, 352",0.20978517,1F271C,95,TRUE,,129,352,,,
108,FudanPed00056.png,1,(439 247),(537 522),Right,"565, 581","98, 275",0.082098305,ACA59B,95,TRUE,,98,275,,,
109,FudanPed00056.png,2,(200 259),(270 529),Left,"565, 581","70, 270",0.057575434,ACA59B,95,TRUE,,70,270,,,
110,FudanPed00056.png,3,(252 256),(374 528),Center,"565, 581","122, 272",0.101089059,ACA59B,95,TRUE,,122,272,,,
111,FudanPed00057.png,1,(22 91),(143 406),Left,"482, 519","121, 315",0.152363706,87817C,95,TRUE,,121,315,,,
112,FudanPed00057.png,2,(131 93),(205 358),Left,"482, 519","74, 265",0.078390457,87817C,95,TRUE,,74,265,,,
113,FudanPed00057.png,3,(237 83),(312 356),Center,"482, 519","75, 273",0.081848272,87817C,95,TRUE,,75,273,,,
114,FudanPed00057.png,4,(343 117),(388 267),Right,"482, 519","45, 150",0.026982947,87817C,95,TRUE,,45,150,,,
115,FudanPed00057.png,5,(386 116),(427 250),Top Right,"482, 519","41, 134",0.02196212,87817C,95,TRUE,,41,134,,,
116,FudanPed00058.png,1,(145 92),(261 463),,"522, 479","116, 371",0.172117838,848683,95,TRUE,,116,371,,,
117,FudanPed00058.png,2,(43 123),(64 211),Top Left,"522, 479","21, 88",0.007390877,848683,95,TRUE,,21,88,,,
118,FudanPed00058.png,3,(289 102),(341 280),Right,"522, 479","52, 178",0.037018373,848683,95,TRUE,,52,178,,,
119,FudanPed00058.png,4,(353 97),(406 276),Right,"522, 479","53, 179",0.037942233,848683,95,TRUE,,53,179,,,
120,FudanPed00058.png,5,(427 126),(446 182),Top Right,"522, 479","19, 56",0.004255353,848683,95,FALSE,,19,56,,,
121,FudanPed00058.png,6,(462 126),(474 171),Top Right,"522, 479","12, 45",0.002159672,848683,95,FALSE,,12,45,,,
122,FudanPed00058.png,7,(473 133),(489 183),Top Right,"522, 479","16, 50",0.003199514,848683,95,FALSE,,16,50,,,
123,FudanPed00058.png,8,(492 121),(517 202),Top Right,"522, 479","25, 81",0.008098769,848683,95,TRUE,,25,81,,,
124,FudanPed00059.png,1,(35 54),(135 330),Left,"576, 369","100, 276",0.129855465,2A3028,95,TRUE,,100,276,,,
125,FudanPed00059.png,2,(159 36),(252 329),Left,"576, 369","93, 293",0.128204042,2A3028,95,TRUE,,93,293,,,
126,FudanPed00059.png,3,(270 45),(380 328),Center,"576, 369","110, 283",0.146463791,2A3028,95,TRUE,,110,283,,,
127,FudanPed00060.png,1,(188 141),(291 427),Center,"517, 440","103, 286",0.129497099,2E322A,95,TRUE,,103,286,,,
128,FudanPed00060.png,2,(293 130),(384 430),Right,"517, 440","91, 300",0.12001055,2E322A,95,TRUE,,91,300,,,
129,FudanPed00060.png,3,(395 149),(498 427),Right,"517, 440","103, 278",0.125874802,2E322A,95,TRUE,,103,278,,,
130,FudanPed00061.png,1,(165 70),(266 353),Left,"547, 407","101, 283",0.128388485,CEC9C1,95,TRUE,,101,283,,,
131,FudanPed00061.png,2,(343 86),(429 381),Right,"547, 407","86, 295",0.113956403,CEC9C1,95,TRUE,,86,295,,,
132,FudanPed00061.png,3,(406 85),(531 387),Right,"547, 407","125, 302",0.169564612,CEC9C1,95,TRUE,,125,302,,,
133,FudanPed00062.png,1,(175 25),(255 321),Center,"414, 341","80, 296",0.167736269,AFA18D,95,TRUE,,80,296,,,
134,FudanPed00062.png,2,(291 34),(377 330),Right,"414, 341","86, 296",0.180316489,AFA18D,95,TRUE,,86,296,,,
135,FudanPed00063.png,1,(29 38),(114 332),Left,"486, 359","85, 294",0.14323051,33372F,95,TRUE,,85,294,,,
136,FudanPed00063.png,2,(156 42),(262 329),Center,"486, 359","106, 287",0.174364089,33372F,95,TRUE,,106,287,,,
137,FudanPed00063.png,3,(312 54),(330 99),Top Right,"486, 359","18, 45",0.004642526,33372F,95,FALSE,,18,45,,,
138,FudanPed00063.png,4,(297 54),(303 73),Top Right,"486, 359","6, 19",0.000653392,33372F,95,FALSE,,6,19,,,
139,FudanPed00063.png,5,(305 53),(310 73),Top Right,"486, 359","5, 20",0.000573151,33372F,95,FALSE,,5,20,,,
140,FudanPed00064.png,1,(141 98),(240 387),Left,"546, 420","99, 289",0.124764521,1C2112,95,TRUE,,99,289,,,
141,FudanPed00064.png,2,(317 101),(400 395),Right,"546, 420","83, 294",0.106410256,1C2112,95,TRUE,,83,294,,,
142,FudanPed00064.png,3,(400 112),(517 407),Right,"546, 420","117, 295",0.150510204,1C2112,95,TRUE,,117,295,,,
143,FudanPed00065.png,1,(29 69),(147 382),Left,"504, 411","118, 313",0.178301085,232320,95,TRUE,,118,313,,,
144,FudanPed00065.png,2,(147 84),(242 385),Left,"504, 411","95, 301",0.138044066,232320,95,TRUE,,95,301,,,
145,FudanPed00065.png,3,(234 70),(311 393),Center,"504, 411","77, 323",0.120066234,232320,95,TRUE,,77,323,,,
146,FudanPed00065.png,4,(342 88),(430 351),Right,"504, 411","88, 263",0.111729039,232320,95,TRUE,,88,263,,,
147,FudanPed00065.png,5,(13 58),(64 183),Top Left,"504, 411","51, 125",0.030775692,232320,95,TRUE,,51,125,,,
148,FudanPed00066.png,1,(248 50),(329 351),Right,"360, 359","81, 301",0.188649025,3E4A29,95,TRUE,,81,301,,,
149,FudanPed00067.png,1,(62 79),(184 375),Left,"453, 416","122, 296",0.19162846,383A36,95,TRUE,,122,296,,,
150,FudanPed00068.png,1,(249 66),(318 361),Right,"375, 398","69, 295",0.13638191,A39E99,95,TRUE,,69,295,,,
151,FudanPed00069.png,1,(215 70),(315 363),Right,"354, 379","100, 293",0.218386178,687C4F,95,TRUE,,100,293,,,
152,FudanPed00070.png,1,(288 70),(370 364),Right,"390, 382","82, 294",0.161820379,9E9E9C,95,TRUE,,82,294,,,
153,FudanPed00071.png,1,(121 44),(246 330),Center,"363, 353","125, 286",0.278993905,777A75,95,TRUE,,125,286,,,
154,FudanPed00071.png,2,(256 37),(339 348),Right,"363, 353","83, 311",0.201445305,777A75,95,TRUE,,83,311,,,
155,FudanPed00071.png,3,(226 52),(255 119),Top Right,"363, 353","29, 67",0.015163221,777A75,95,TRUE,,29,67,,,
156,FudanPed00072.png,1,(48 40),(139 332),Left,"375, 349","91, 292",0.203033429,2F3F28,95,TRUE,,91,292,,,
157,FudanPed00073.png,1,(56 66),(159 360),Left,"516, 392","103, 294",0.149709302,303A21,95,TRUE,,103,294,,,
158,FudanPed00073.png,2,(193 59),(289 352),Center,"516, 392","96, 293",0.139060275,303A21,95,TRUE,,96,293,,,
159,FudanPed00074.png,1,(48 51),(126 351),Left,"421, 370","78, 300",0.15022148,2B3822,95,TRUE,,78,300,,,
160,FudanPed00074.png,2,(178 61),(256 345),Center,"421, 370","78, 284",0.142209668,2B3822,95,TRUE,,78,284,,,
161,PennPed00001.png,1,(83 66),(197 353),Left,"612, 406","114, 287",0.131676809,212324,95,TRUE,,114,287,,,
162,PennPed00001.png,2,(265 75),(355 338),Center,"612, 406","90, 263",0.095262243,212324,95,TRUE,,90,263,,,
163,PennPed00001.png,3,(403 38),(501 348),Right,"612, 406","98, 310",0.122267298,212324,95,TRUE,,98,310,,,
164,PennPed00001.png,4,(514 65),(610 318),Right,"612, 406","96, 253",0.097749445,212324,95,TRUE,,96,253,,,
165,PennPed00001.png,5,(206 25),(266 196),Top Left,"612, 406","60, 171",0.041292379,212324,95,TRUE,,60,171,,,
166,PennPed00002.png,1,(9 84),(97 304),Left,"745, 378","88, 220",0.068747559,181C18,95,TRUE,,88,220,,,
167,PennPed00002.png,2,(83 45),(165 298),Left,"745, 378","82, 253",0.073669259,181C18,95,TRUE,,82,253,,,
168,PennPed00002.png,3,(268 84),(370 298),Left,"745, 378","102, 214",0.077511452,181C18,95,TRUE,,102,214,,,
169,PennPed00002.png,4,(363 33),(516 335),Center,"745, 378","153, 302",0.16407798,181C18,95,TRUE,,153,302,,,
170,PennPed00002.png,5,(576 75),(713 362),Right,"745, 378","137, 287",0.139622173,181C18,95,TRUE,,137,287,,,
171,PennPed00002.png,6,(517 92),(608 300),Right,"745, 378","91, 208",0.067213522,181C18,95,TRUE,,91,208,,,
172,PennPed00003.png,1,(8 33),(174 365),Left,"670, 418","166, 332",0.196786403,2B2E2F,95,TRUE,,166,332,,,
173,PennPed00003.png,2,(452 64),(531 353),Right,"670, 418","79, 289",0.081521817,2B2E2F,95,TRUE,,79,289,,,
174,PennPed00003.png,3,(531 91),(661 381),Right,"670, 418","130, 290",0.134614011,2B2E2F,95,TRUE,,130,290,,,
175,PennPed00004.png,1,(67 61),(170 410),Left,"786, 436","103, 349",0.104894717,84756D,95,TRUE,,103,349,,,
176,PennPed00004.png,2,(155 91),(253 385),Left,"786, 436","98, 294",0.084074515,84756D,95,TRUE,,98,294,,,
177,PennPed00004.png,3,(228 94),(325 391),Left,"786, 436","97, 297",0.084065761,84756D,95,TRUE,,97,297,,,
178,PennPed00004.png,4,(417 101),(516 391),Right,"786, 436","99, 290",0.083776875,84756D,95,TRUE,,99,290,,,
179,PennPed00004.png,5,(595 112),(734 397),Right,"786, 436","139, 285",0.115598081,84756D,95,TRUE,,139,285,,,
180,PennPed00005.png,1,(68 130),(159 405),Left,"767, 454","91, 275",0.0718659,322824,95,TRUE,,91,275,,,
181,PennPed00005.png,2,(165 154),(252 410),Left,"767, 454","87, 256",0.063959933,322824,95,TRUE,,87,256,,,
182,PennPed00005.png,3,(263 144),(415 439),Center,"767, 454","152, 295",0.128769909,322824,95,TRUE,,152,295,,,
183,PennPed00005.png,4,(540 169),(666 440),Right,"767, 454","126, 271",0.098059262,322824,95,TRUE,,126,271,,,
184,PennPed00005.png,5,(602 156),(701 396),Right,"767, 454","99, 240",0.068233118,322824,95,TRUE,,99,240,,,
185,PennPed00006.png,1,(111 72),(199 412),Left,"631, 436","88, 340",0.108754126,292C29,95,TRUE,,88,340,,,
186,PennPed00006.png,2,(231 96),(329 388),Center,"631, 436","98, 292",0.104014307,292C29,95,TRUE,,98,292,,,
187,PennPed00006.png,3,(443 108),(608 435),Right,"631, 436","165, 327",0.196117274,292C29,95,TRUE,,165,327,,,
188,PennPed00006.png,4,(3 102),(69 397),Left,"631, 436","66, 295",0.070770148,292C29,95,TRUE,,66,295,,,
189,PennPed00007.png,1,(42 60),(165 350),Left,"570, 412","123, 290",0.151890649,CCBFAF,95,TRUE,,123,290,,,
190,PennPed00007.png,2,(127 83),(201 359),Left,"570, 412","74, 276",0.086969852,CCBFAF,95,TRUE,,74,276,,,
191,PennPed00007.png,3,(187 76),(309 369),Center,"570, 412","122, 293",0.152214274,CCBFAF,95,TRUE,,122,293,,,
192,PennPed00007.png,4,(299 76),(381 400),Right,"570, 412","82, 324",0.113132345,CCBFAF,95,TRUE,,82,324,,,
193,PennPed00007.png,5,(426 68),(527 343),Right,"570, 412","101, 275",0.118272015,CCBFAF,95,TRUE,,101,275,,,
194,PennPed00008.png,1,(47 71),(177 366),Left,"452, 403","130, 295",0.210533828,1B1B1B,95,TRUE,,130,295,,,
195,PennPed00008.png,2,(199 77),(305 329),Center,"452, 403","106, 252",0.146643536,1B1B1B,95,TRUE,,106,252,,,
196,PennPed00008.png,3,(256 74),(394 345),Right,"452, 403","138, 271",0.205307539,1B1B1B,95,TRUE,,138,271,,,
197,PennPed00008.png,4,(343 53),(421 278),Right,"452, 403","78, 225",0.096345989,1B1B1B,95,TRUE,,78,225,,,
198,PennPed00009.png,1,(47 85),(147 292),Left,"648, 413","100, 207",0.077347323,C8BFB6,95,TRUE,,100,207,,,
199,PennPed00009.png,2,(163 87),(240 348),Left,"648, 413","77, 261",0.075094162,C8BFB6,95,TRUE,,77,261,,,
200,PennPed00009.png,3,(225 86),(300 307),Left,"648, 413","75, 221",0.061933907,C8BFB6,95,TRUE,,75,221,,,
201,PennPed00009.png,4,(316 81),(391 369),Center,"648, 413","75, 288",0.08071025,C8BFB6,95,TRUE,,75,288,,,
202,PennPed00009.png,5,(375 100),(471 351),Right,"648, 413","96, 251",0.090036768,C8BFB6,95,TRUE,,96,251,,,
203,PennPed00009.png,6,(470 94),(559 395),Right,"648, 413","89, 301",0.100099393,C8BFB6,95,TRUE,,89,301,,,
204,PennPed00009.png,7,(533 90),(605 376),Right,"648, 413","72, 286",0.076943772,C8BFB6,95,TRUE,,72,286,,,
205,PennPed00010.png,1,(18 59),(103 340),Left,"750, 495","85, 281",0.0643367,2D2F2B,95,TRUE,,85,281,,,
206,PennPed00010.png,2,(186 56),(262 337),Left,"750, 495","76, 281",0.057524579,2D2F2B,95,TRUE,,76,281,,,
207,PennPed00010.png,3,(309 141),(437 493),Center,"750, 495","128, 352",0.121362963,2D2F2B,95,TRUE,,128,352,,,
208,PennPed00010.png,4,(475 76),(619 451),Right,"750, 495","144, 375",0.145454545,2D2F2B,95,TRUE,,144,375,,,
209,PennPed00010.png,5,(392 58),(485 421),Right,"750, 495","93, 363",0.090933333,2D2F2B,95,TRUE,,93,363,,,
210,PennPed00010.png,6,(563 36),(681 394),Right,"750, 495","118, 358",0.113788552,2D2F2B,95,TRUE,,118,358,,,
211,PennPed00011.png,1,(92 62),(236 344),Left,"508, 376","144, 282",0.212598425,34352A,95,TRUE,,144,282,,,
212,PennPed00011.png,2,(242 52),(301 355),Center,"508, 376","59, 303",0.093592939,34352A,95,TRUE,,59,303,,,
213,PennPed00012.png,1,(114 122),(212 403),Left,"565, 429","98, 281",0.113612641,393C2D,95,TRUE,,98,281,,,
214,PennPed00013.png,1,(98 79),(210 359),Left,"564, 385","112, 280",0.144422953,74798D,95,TRUE,,112,280,,,
215,PennPed00013.png,2,(259 96),(364 359),Center,"564, 385","105, 263",0.127176015,74798D,95,TRUE,,105,263,,,
216,PennPed00013.png,3,(384 81),(498 355),Right,"564, 385","114, 274",0.143851893,74798D,95,TRUE,,114,274,,,
217,PennPed00013.png,4,(215 91),(257 193),Left,"564, 385","42, 102",0.019729207,74798D,95,TRUE,,42,102,,,
218,PennPed00014.png,1,(127 40),(206 229),Left,"542, 368","79, 189",0.074858615,76788D,95,TRUE,,79,189,,,
219,PennPed00014.png,2,(209 69),(312 337),Center,"542, 368","103, 268",0.138396438,76788D,95,TRUE,,103,268,,,
220,PennPed00014.png,3,(354 60),(448 337),Right,"542, 368","94, 277",0.130545083,76788D,95,TRUE,,94,277,,,
221,PennPed00014.png,4,(286 41),(353 225),Right,"542, 368","67, 184",0.061808118,76788D,95,TRUE,,67,184,,,
222,PennPed00015.png,1,(123 98),(280 414),Left,"906, 438","157, 316",0.12502142,292B29,95,TRUE,,157,316,,,
223,PennPed00015.png,2,(286 91),(448 378),Left,"906, 438","162, 287",0.117164111,292B29,95,TRUE,,162,287,,,
224,PennPed00015.png,3,(749 94),(834 382),Right,"906, 438","85, 288",0.061689195,292B29,95,TRUE,,85,288,,,
225,PennPed00016.png,1,(86 51),(146 362),Left,"683, 399","60, 311",0.068472793,404639,95,TRUE,,60,311,,,
226,PennPed00016.png,2,(236 93),(329 382),Left,"683, 399","93, 289",0.09862504,404639,95,TRUE,,93,289,,,
227,PennPed00016.png,3,(468 66),(579 367),Right,"683, 399","111, 301",0.122601526,404639,95,TRUE,,111,301,,,
228,PennPed00017.png,1,(115 50),(204 387),Left,"492, 403","89, 337",0.151268938,3B3E30,95,TRUE,,89,337,,,
229,PennPed00017.png,2,(259 49),(398 336),Right,"492, 403","139, 287",0.201199338,3B3E30,95,TRUE,,139,287,,,
230,PennPed00018.png,1,(65 32),(145 327),Left,"460, 344","80, 295",0.149140546,353732,95,TRUE,,80,295,,,
231,PennPed00018.png,2,(181 69),(262 308),Center,"460, 344","81, 239",0.122339484,353732,95,TRUE,,81,239,,,
232,PennPed00019.png,1,(17 78),(106 356),Left,"734, 404","89, 278",0.08343675,2B2F2A,95,TRUE,,89,278,,,
233,PennPed00019.png,2,(160 70),(249 361),Left,"734, 404","89, 291",0.087338468,2B2F2A,95,TRUE,,89,291,,,
234,PennPed00019.png,3,(315 60),(390 364),Center,"734, 404","75, 304",0.076887798,2B2F2A,95,TRUE,,75,304,,,
235,PennPed00019.png,4,(368 47),(474 370),Right,"734, 404","106, 323",0.115459843,2B2F2A,95,TRUE,,106,323,,,
236,PennPed00019.png,5,(464 75),(539 362),Right,"734, 404","75, 287",0.072588151,2B2F2A,95,TRUE,,75,287,,,
237,PennPed00019.png,6,(525 80),(639 375),Right,"734, 404","114, 295",0.113409502,2B2F2A,95,TRUE,,114,295,,,
238,PennPed00019.png,7,(600 78),(704 375),Right,"734, 404","104, 297",0.104162732,2B2F2A,95,TRUE,,104,297,,,
239,PennPed00020.png,1,(142 121),(264 379),Left,"721, 428","122, 258",0.102000078,2D3B26,95,TRUE,,122,258,,,
240,PennPed00020.png,2,(387 76),(516 365),Right,"721, 428","129, 289",0.120811568,2D3B26,95,TRUE,,129,289,,,
241,PennPed00020.png,3,(445 77),(607 369),Right,"721, 428","162, 292",0.153291768,2D3B26,95,TRUE,,162,292,,,
242,PennPed00021.png,1,(68 118),(218 407),Left,"712, 436","150, 289",0.139644109,2E4026,95,TRUE,,150,289,,,
243,PennPed00021.png,2,(464 81),(588 382),Right,"712, 436","124, 301",0.12023245,2E4026,95,TRUE,,124,301,,,
244,PennPed00021.png,3,(559 111),(681 381),Right,"712, 436","122, 270",0.106110195,2E4026,95,TRUE,,122,270,,,
245,PennPed00022.png,1,(30 118),(167 413),Left,"925, 486","137, 295",0.089901012,2C3D24,95,TRUE,,137,295,,,
246,PennPed00022.png,2,(120 149),(257 413),Left,"925, 486","137, 264",0.080453787,2C3D24,95,TRUE,,137,264,,,
247,PennPed00022.png,3,(216 152),(354 416),Left,"925, 486","138, 264",0.081041041,2C3D24,95,TRUE,,138,264,,,
248,PennPed00022.png,4,(705 129),(839 390),Right,"925, 486","134, 261",0.077797798,2C3D24,95,TRUE,,134,261,,,
249,PennPed00022.png,5,(345 162),(424 342),Left,"925, 486","79, 180",0.031631632,2C3D24,95,TRUE,,79,180,,,
250,PennPed00023.png,1,(107 60),(275 363),Center,"536, 382","168, 303",0.248612956,4B623D,95,TRUE,,168,303,,,
251,PennPed00024.png,1,(71 58),(170 350),Left,"409, 384","99, 292",0.184061736,D3D2C8,95,TRUE,,99,292,,,
252,PennPed00025.png,1,(72 34),(216 310),Left,"450, 334","144, 276",0.264431138,202221,95,TRUE,,144,276,,,
253,PennPed00025.png,2,(189 151),(276 304),Center,"450, 334","87, 153",0.088562874,202221,95,TRUE,,87,153,,,
254,PennPed00025.png,3,(390 2),(421 71),Top Right,"450, 334","31, 69",0.014231537,202221,95,TRUE,,31,69,,,
255,PennPed00026.png,1,(303 94),(447 382),Right,"530, 410","144, 288",0.190851358,2C302F,95,TRUE,,144,288,,,
256,PennPed00026.png,2,(200 120),(291 373),Center,"530, 410","91, 253",0.105950299,2C302F,95,TRUE,,91,253,,,
257,PennPed00027.png,1,(126 93),(218 363),Left,"492, 391","92, 270",0.129124821,242727,95,TRUE,,92,270,,,
258,PennPed00027.png,2,(204 81),(322 367),Center,"492, 391","118, 286",0.175430936,242727,95,TRUE,,118,286,,,
259,PennPed00027.png,3,(347 89),(463 342),Right,"492, 391","116, 253",0.152558584,242727,95,TRUE,,116,253,,,
260,PennPed00028.png,1,(211 50),(325 334),Right,"416, 368","114, 284",0.211486204,9C9A98,95,TRUE,,114,284,,,
261,PennPed00029.png,1,(114 65),(214 370),Left,"672, 418","100, 305",0.108581112,D5CEC8,95,TRUE,,100,305,,,
262,PennPed00029.png,2,(274 98),(339 391),Center,"672, 418","65, 293",0.067800894,D5CEC8,95,TRUE,,65,293,,,
263,PennPed00029.png,3,(363 102),(466 388),Right,"672, 418","103, 286",0.104871554,D5CEC8,95,TRUE,,103,286,,,
264,PennPed00029.png,4,(509 103),(585 392),Right,"672, 418","76, 289",0.078192641,D5CEC8,95,TRUE,,76,289,,,
265,PennPed00030.png,1,(139 37),(253 339),Center,"479, 354","114, 302",0.203035986,C3C3BA,95,TRUE,,114,302,,,
266,PennPed00030.png,2,(3 37),(95 342),Left,"479, 354","92, 305",0.165481288,C3C3BA,95,TRUE,,92,305,,,
267,PennPed00030.png,3,(316 43),(448 339),Right,"479, 354","132, 296",0.230423552,C3C3BA,95,TRUE,,132,296,,,
268,PennPed00031.png,1,(244 42),(390 329),Right,"487, 340","146, 287",0.253061964,313637,95,TRUE,,146,287,,,
269,PennPed00032.png,1,(98 50),(203 329),Center,"374, 344","105, 279",0.227700224,323739,95,TRUE,,105,279,,,
270,PennPed00033.png,1,(32 37),(126 370),Left,"533, 391","94, 333",0.150199373,C0C1C1,95,TRUE,,94,333,,,
271,PennPed00033.png,2,(110 50),(214 376),Left,"533, 391","104, 326",0.162684798,C0C1C1,95,TRUE,,104,326,,,
272,PennPed00033.png,3,(392 70),(519 368),Right,"533, 391","127, 298",0.181600073,C0C1C1,95,TRUE,,127,298,,,
273,PennPed00033.png,4,(274 149),(389 333),Right,"533, 391","115, 184",0.101534047,C0C1C1,95,TRUE,,115,184,,,
274,PennPed00034.png,1,(108 58),(289 391),Center,"538, 422","181, 333",0.265477722,1C1F1F,95,TRUE,,181,333,,,
275,PennPed00034.png,2,(302 63),(405 344),Right,"538, 422","103, 281",0.127481985,1C1F1F,95,TRUE,,103,281,,,
276,PennPed00034.png,3,(369 67),(493 353),Right,"538, 422","124, 286",0.156204302,1C1F1F,95,TRUE,,124,286,,,
277,PennPed00034.png,4,(181 63),(278 374),Center,"538, 422","97, 311",0.132873201,1C1F1F,95,TRUE,,97,311,,,
278,PennPed00035.png,1,(169 30),(275 331),Left,"623, 353","106, 301",0.145080689,232525,95,TRUE,,106,301,,,
279,PennPed00035.png,2,(367 54),(541 333),Right,"623, 353","174, 279",0.220744911,232525,95,TRUE,,174,279,,,
280,PennPed00035.png,3,(121 33),(208 322),Left,"623, 353","87, 289",0.114328457,232525,95,TRUE,,87,289,,,
281,PennPed00036.png,1,(56 62),(164 330),Left,"694, 370","108, 268",0.112719059,383A3B,95,TRUE,,108,268,,,
282,PennPed00036.png,2,(514 34),(636 328),Right,"694, 370","122, 294",0.139683776,383A3B,95,TRUE,,122,294,,,
283,PennPed00037.png,1,(229 24),(328 307),Right,"366, 318","99, 283",0.240720693,313634,95,TRUE,,99,283,,,
284,PennPed00038.png,1,(232 39),(368 316),Right,"436, 353","136, 277",0.244769603,696A5D,95,TRUE,,136,277,,,
285,PennPed00039.png,1,(326 73),(411 360),Right,"495, 373","85, 287",0.132125545,404640,95,TRUE,,85,287,,,
286,PennPed00040.png,1,(203 42),(318 330),Bottom Right,"406, 342","115, 288",0.238527353,383B37,95,TRUE,,115,288,,,
287,PennPed00041.png,1,(353 99),(467 380),Right,"570, 422","114, 281",0.133175355,494945,95,TRUE,,114,281,,,
288,PennPed00042.png,1,(273 37),(379 312),Center,"569, 344","106, 275",0.148925083,D7CAC9,95,TRUE,,106,275,,,
289,PennPed00042.png,2,(403 36),(472 310),Right,"569, 344","69, 274",0.096589284,D7CAC9,95,TRUE,,69,274,,,
290,PennPed00043.png,1,(189 47),(297 334),Center,"480, 356","108, 287",0.181390449,D9D8D6,95,TRUE,,108,287,,,
291,PennPed00043.png,2,(332 63),(434 328),Right,"480, 356","102, 265",0.15818118,D9D8D6,95,TRUE,,102,265,,,
292,PennPed00043.png,3,(142 78),(199 254),Left,"480, 356","57, 176",0.058707865,D9D8D6,95,TRUE,,57,176,,,
293,PennPed00043.png,4,(282 78),(328 253),Right,"480, 356","46, 175",0.047109082,D9D8D6,95,TRUE,,46,175,,,
294,PennPed00043.png,5,(430 73),(456 154),Top Right,"480, 356","26, 81",0.012324438,D9D8D6,95,TRUE,,26,81,,,
295,PennPed00044.png,1,(71 36),(170 329),Left,"483, 335","99, 293",0.179271345,2B2B28,95,TRUE,,99,293,,,
296,PennPed00044.png,2,(253 63),(336 282),Right,"483, 335","83, 219",0.112338926,2B2B28,95,TRUE,,83,219,,,
297,PennPed00044.png,3,(332 54),(408 276),Right,"483, 335","76, 222",0.104273663,2B2B28,95,TRUE,,76,222,,,
298,PennPed00044.png,4,(181 76),(225 193),Left,"483, 335","44, 117",0.031816075,2B2B28,95,TRUE,,44,117,,,
299,PennPed00045.png,1,(70 64),(193 365),Left,"692, 395","123, 301",0.135446696,CECAC9,95,TRUE,,123,301,,,
300,PennPed00045.png,2,(226 65),(321 360),Left,"692, 395","95, 295",0.102527987,CECAC9,95,TRUE,,95,295,,,
301,PennPed00045.png,3,(324 67),(436 347),Center,"692, 395","112, 280",0.114728909,CECAC9,95,TRUE,,112,280,,,
302,PennPed00045.png,4,(526 45),(639 348),Right,"692, 395","113, 303",0.125261579,CECAC9,95,TRUE,,113,303,,,
303,PennPed00045.png,5,(425 67),(485 217),Right,"692, 395","60, 150",0.032926026,CECAC9,95,TRUE,,60,150,,,
304,PennPed00045.png,6,(494 62),(548 214),Right,"692, 395","54, 152",0.030028536,CECAC9,95,TRUE,,54,152,,,
305,PennPed00046.png,1,(21 58),(111 323),Left,"534, 348","90, 265",0.128341728,2B2F2A,95,TRUE,,90,265,,,
306,PennPed00046.png,2,(318 22),(420 319),Right,"534, 348","102, 297",0.16301821,2B2F2A,95,TRUE,,102,297,,,
307,PennPed00046.png,3,(421 62),(441 119),Top Right,"534, 348","20, 57",0.006134573,2B2F2A,95,FALSE,,20,57,,,
308,PennPed00047.png,1,(116 57),(253 336),Center,"500, 346","137, 279",0.220942197,353A34,95,TRUE,,137,279,,,
309,PennPed00047.png,2,(246 33),(381 320),Center,"500, 346","135, 287",0.223959538,353A34,95,TRUE,,135,287,,,
310,PennPed00047.png,3,(362 42),(427 194),Right,"500, 346","65, 152",0.057109827,353A34,95,TRUE,,65,152,,,
311,PennPed00048.png,1,(27 33),(118 326),Left,"423, 380","91, 293",0.165876571,CAC9C6,95,TRUE,,91,293,,,
312,PennPed00048.png,2,(116 35),(198 321),Left,"423, 380","82, 286",0.145900212,CAC9C6,95,TRUE,,82,286,,,
313,PennPed00048.png,3,(263 21),(385 369),Right,"423, 380","122, 348",0.264128406,CAC9C6,95,TRUE,,122,348,,,
314,PennPed00049.png,1,(82 48),(176 346),Left,"452, 350","94, 298",0.177067004,C8C7C6,95,TRUE,,94,298,,,
315,PennPed00049.png,2,(175 45),(253 337),Center,"452, 350","78, 292",0.143969659,C8C7C6,95,TRUE,,78,292,,,
316,PennPed00049.png,3,(252 81),(307 237),Right,"452, 350","55, 156",0.054235145,C8C7C6,95,TRUE,,55,156,,,
317,PennPed00049.png,4,(310 77),(368 240),Right,"452, 350","58, 163",0.059759798,C8C7C6,95,TRUE,,58,163,,,
318,PennPed00050.png,1,(91 41),(196 291),Left,"419, 315","105, 250",0.198886237,DBD9D8,95,TRUE,,105,250,,,
319,PennPed00051.png,1,(38 52),(203 326),Left,"723, 411","165, 274",0.152143845,B9B9B9,95,TRUE,,165,274,,,
320,PennPed00051.png,2,(314 67),(481 365),Center,"723, 411","167, 298",0.167476014,B9B9B9,95,TRUE,,167,298,,,
321,PennPed00051.png,3,(459 34),(587 373),Right,"723, 411","128, 339",0.146025785,B9B9B9,95,TRUE,,128,339,,,
322,PennPed00051.png,4,(554 67),(628 339),Right,"723, 411","74, 272",0.067736149,B9B9B9,95,TRUE,,74,272,,,
323,PennPed00052.png,1,(77 137),(175 428),Left,"682, 525","98, 291",0.079648094,D2D3CD,95,TRUE,,98,291,,,
324,PennPed00052.png,2,(169 181),(294 491),Left,"682, 525","125, 310",0.108225108,D2D3CD,95,TRUE,,125,310,,,
325,PennPed00052.png,3,(403 157),(494 400),Right,"682, 525","91, 243",0.061759531,D2D3CD,95,TRUE,,91,243,,,
326,PennPed00052.png,4,(524 83),(613 393),Right,"682, 525","89, 310",0.077056277,D2D3CD,95,TRUE,,89,310,,,
327,PennPed00052.png,5,(279 179),(334 314),Left,"682, 525","55, 135",0.020737327,D2D3CD,95,TRUE,,55,135,,,
328,PennPed00053.png,1,(15 29),(124 325),Left,"377, 344","109, 296",0.248781691,1E231F,95,TRUE,,109,296,,,
329,PennPed00053.png,2,(169 27),(266 329),Center,"377, 344","97, 302",0.225880575,1E231F,95,TRUE,,97,302,,,
330,PennPed00054.png,1,(43 22),(128 317),Left,"324, 334","85, 295",0.231712501,C2BEBB,95,TRUE,,85,295,,,
331,PennPed00055.png,1,(96 51),(208 341),,"417, 353","112, 290",0.220650675,2C2E2C,95,TRUE,,112,290,,,
332,PennPed00055.png,2,(29 8),(122 283),Left,"417, 353","93, 275",0.173742026,2C2E2C,95,TRUE,,93,275,,,
333,PennPed00056.png,1,(175 106),(271 398),Left,"618, 420","96, 292",0.107998151,333531,95,TRUE,,96,292,,,
334,PennPed00056.png,2,(140 122),(193 384),Left,"618, 420","53, 262",0.053498228,333531,95,TRUE,,53,262,,,
335,PennPed00056.png,3,(257 98),(306 386),Left,"618, 420","49, 288",0.054368932,333531,95,TRUE,,49,288,,,
336,PennPed00057.png,1,(158 64),(261 352),Center,"371, 364","103, 288",0.21966174,CACAC9,95,TRUE,,103,288,,,
337,PennPed00057.png,2,(198 18),(266 294),Right,"371, 364","68, 276",0.138976926,CACAC9,95,TRUE,,68,276,,,
338,PennPed00058.png,1,(167 27),(245 316),Left,"509, 380","78, 289",0.116544308,CBCCCB,95,TRUE,,78,289,,,
339,PennPed00058.png,2,(228 31),(307 291),Center,"509, 380","79, 260",0.106193775,CBCCCB,95,TRUE,,79,260,,,
340,PennPed00058.png,3,(321 65),(452 351),Right,"509, 380","131, 286",0.193702823,CBCCCB,95,TRUE,,131,286,,,
341,PennPed00058.png,4,(295 22),(374 274),Right,"509, 380","79, 252",0.102926274,CBCCCB,95,TRUE,,79,252,,,
342,PennPed00059.png,1,(80 44),(177 337),Left,"582, 362","97, 293",0.134898711,232425,95,TRUE,,97,293,,,
343,PennPed00059.png,2,(381 36),(529 323),Right,"582, 362","148, 287",0.201609994,232425,95,TRUE,,148,287,,,
344,PennPed00060.png,1,(43 23),(142 326),Left,"505, 351","99, 303",0.169230769,1B1D1B,95,TRUE,,99,303,,,
345,PennPed00060.png,2,(189 21),(283 230),Center,"505, 351","94, 209",0.110834673,1B1D1B,95,TRUE,,94,209,,,
346,PennPed00060.png,3,(117 28),(191 226),Left,"505, 351","74, 198",0.082660574,1B1D1B,95,TRUE,,74,198,,,
347,PennPed00060.png,4,(273 81),(389 327),Right,"505, 351","116, 246",0.160988407,1B1D1B,95,TRUE,,116,246,,,
348,PennPed00060.png,5,(378 31),(476 330),Right,"505, 351","98, 299",0.165309864,1B1D1B,95,TRUE,,98,299,,,
349,PennPed00061.png,1,(34 17),(143 307),Left,"314, 320","109, 290",0.314589968,C0B4A7,95,TRUE,,109,290,,,
350,PennPed00061.png,2,(250 57),(275 146),Top Right,"314, 320","25, 89",0.02214371,C0B4A7,95,TRUE,,25,89,,,
351,PennPed00062.png,1,(86 15),(184 301),Left,"396, 315","98, 286",0.224691358,181A17,95,TRUE,,98,286,,,
352,PennPed00062.png,2,(176 35),(288 305),Center,"396, 315","112, 270",0.242424242,181A17,95,TRUE,,112,270,,,
353,PennPed00062.png,3,(2 46),(57 223),Left,"396, 315","55, 177",0.078042328,181A17,95,TRUE,,55,177,,,
354,PennPed00062.png,4,(321 54),(373 234),Right,"396, 315","52, 180",0.075036075,181A17,95,TRUE,,52,180,,,
355,PennPed00063.png,1,(88 50),(262 339),Center,"427, 350","174, 289",0.336473737,353636,95,TRUE,,174,289,,,
356,PennPed00064.png,1,(226 29),(334 314),Right,"370, 322","108, 285",0.258351519,3D3E3C,95,TRUE,,108,285,,,
357,PennPed00065.png,1,(24 21),(139 304),Left,"324, 318","115, 283",0.315872739,292923,95,TRUE,,115,283,,,
358,PennPed00066.png,1,(11 76),(128 365),Left,"428, 375","117, 289",0.210672897,292925,95,TRUE,,117,289,,,
359,PennPed00066.png,2,(265 33),(398 312),Right,"428, 375","133, 279",0.231196262,292925,95,TRUE,,133,279,,,
360,PennPed00066.png,3,(76 30),(189 345),Left,"428, 375","113, 315",0.221775701,292925,95,TRUE,,113,315,,,
361,PennPed00067.png,1,(37 13),(184 298),Left,"370, 318","147, 285",0.356068332,383936,95,TRUE,,147,285,,,
362,PennPed00068.png,1,(43 89),(153 364),Left,"603, 387","110, 275",0.129627487,2F2D29,95,TRUE,,110,275,,,
363,PennPed00068.png,2,(189 56),(283 349),Left,"603, 387","94, 293",0.118023149,2F2D29,95,TRUE,,94,293,,,
364,PennPed00068.png,3,(430 37),(568 349),Right,"603, 387","138, 312",0.184503837,2F2D29,95,TRUE,,138,312,,,
365,PennPed00068.png,4,(384 47),(455 223),Right,"603, 387","71, 176",0.053547936,2F2D29,95,TRUE,,71,176,,,
366,PennPed00069.png,1,(59 44),(149 330),Left,"388, 345","90, 286",0.192290453,242920,95,TRUE,,90,286,,,
367,PennPed00069.png,2,(169 40),(269 310),Center,"388, 345","100, 270",0.201703272,242920,95,TRUE,,100,270,,,
368,PennPed00070.png,1,(15 24),(122 341),Left,"466, 354","107, 317",0.205614558,252D1C,95,TRUE,,107,317,,,
369,PennPed00070.png,2,(185 14),(306 312),Center,"466, 354","121, 298",0.218581024,252D1C,95,TRUE,,121,298,,,
370,PennPed00071.png,1,(49 19),(171 361),Left,"767, 379","122, 342",0.143532868,393C36,95,TRUE,,122,342,,,
371,PennPed00071.png,2,(292 44),(386 305),Center,"767, 379","94, 261",0.084398317,393C36,95,TRUE,,94,261,,,
372,PennPed00071.png,3,(476 25),(567 302),Right,"767, 379","91, 277",0.086713474,393C36,95,TRUE,,91,277,,,
373,PennPed00071.png,4,(600 13),(716 306),Right,"767, 379","116, 293",0.1169206,393C36,95,TRUE,,116,293,,,
374,PennPed00071.png,5,(567 53),(612 180),Top Right,"767, 379","45, 127",0.019659916,393C36,95,TRUE,,45,127,,,
375,PennPed00071.png,6,(709 53),(744 174),Top Right,"767, 379","35, 121",0.014568634,393C36,95,TRUE,,35,121,,,
376,PennPed00072.png,1,(134 25),(254 337),Center,"473, 348","120, 312",0.227454983,3.43E+32,95,TRUE,,120,312,,,
377,PennPed00072.png,2,(280 52),(431 330),Right,"473, 348","151, 278",0.255024179,3.43E+32,95,TRUE,,151,278,,,
378,PennPed00073.png,1,(98 38),(191 326),Left,"579, 364","93, 288",0.12708535,2A2D25,95,TRUE,,93,288,,,
379,PennPed00073.png,2,(182 46),(277 340),Left,"579, 364","95, 294",0.132522917,2A2D25,95,TRUE,,95,294,,,
380,PennPed00073.png,3,(316 51),(413 331),Right,"579, 364","97, 280",0.128869403,2A2D25,95,TRUE,,97,280,,,
381,PennPed00074.png,1,(259 31),(422 317),Right,"442, 332","163, 286",0.317682495,323729,95,TRUE,,163,286,,,
382,PennPed00074.png,2,(198 23),(283 303),Center,"442, 332","85, 280",0.16218721,323729,95,TRUE,,85,280,,,
383,PennPed00074.png,3,(117 48),(223 295),Center,"442, 332","106, 247",0.178419561,323729,95,TRUE,,106,247,,,
384,PennPed00075.png,1,(194 23),(335 308),Right,"368, 322","141, 285",0.339125371,CBC6BC,95,TRUE,,141,285,,,
385,PennPed00076.png,1,(187 29),(320 319),Right,"342, 348","133, 290",0.324074074,3B4231,95,TRUE,,133,290,,,
386,PennPed00077.png,1,(65 27),(181 317),Center,"352, 323","116, 290",0.295876724,31332A,95,TRUE,,116,290,,,
387,PennPed00078.png,1,(216 59),(320 355),Right,"349, 372","104, 296",0.23711372,2F3228,95,TRUE,,104,296,,,
388,PennPed00079.png,1,(206 25),(324 320),Right,"357, 337","118, 295",0.289338287,D3D2B6,95,TRUE,,118,295,,,
389,PennPed00080.png,1,(72 47),(175 339),Left,"435, 361","103, 292",0.191524183,BDB8A5,95,TRUE,,103,292,,,
390,PennPed00080.png,2,(198 43),(314 339),Center,"435, 361","116, 296",0.218651893,BDB8A5,95,TRUE,,116,296,,,
391,PennPed00080.png,3,(320 44),(422 332),Right,"435, 361","102, 288",0.187066578,BDB8A5,95,TRUE,,102,288,,,
392,PennPed00081.png,1,(148 85),(240 366),Left,"561, 387","92, 281",0.119074926,CBC7B5,95,TRUE,,92,281,,,
393,PennPed00081.png,2,(233 54),(337 360),Center,"561, 387","104, 306",0.1465821,CBC7B5,95,TRUE,,104,306,,,
394,PennPed00081.png,3,(330 75),(455 366),Right,"561, 387","125, 291",0.167544114,CBC7B5,95,TRUE,,125,291,,,
395,PennPed00082.png,1,(80 22),(229 312),Center,"398, 321","149, 290",0.338217568,3D4432,95,TRUE,,149,290,,,
396,PennPed00083.png,1,(108 32),(249 327),Center,"371, 341","141, 295",0.328785639,323729,95,TRUE,,141,295,,,
397,PennPed00083.png,2,(38 22),(124 299),Left,"371, 341","86, 277",0.188299832,323729,95,TRUE,,86,277,,,
398,PennPed00084.png,1,(142 46),(310 342),Center,"370, 356","168, 296",0.37752809,2E3027,95,TRUE,,168,296,,,
399,PennPed00084.png,2,(274 21),(362 334),Right,"370, 356","88, 313",0.209110234,2E3027,95,TRUE,,88,313,,,
400,PennPed00084.png,3,(161 95),(208 258),Center,"370, 356","47, 163",0.058161251,2E3027,95,TRUE,,47,163,,,
401,PennPed00085.png,1,(89 27),(200 302),Left,"403, 341","111, 275",0.22212439,CEB8A5,95,TRUE,,111,275,,,
402,PennPed00085.png,2,(245 38),(368 329),Right,"403, 341","123, 291",0.260458584,CEB8A5,95,TRUE,,123,291,,,
403,PennPed00086.png,1,(8 33),(109 253),Left,"474, 354","101, 220",0.132422704,252A21,95,TRUE,,101,220,,,
404,PennPed00086.png,2,(208 49),(306 318),Center,"474, 354","98, 269",0.15710744,252A21,95,TRUE,,98,269,,,
405,PennPed00086.png,3,(345 32),(457 325),Right,"474, 354","112, 293",0.195570812,252A21,95,TRUE,,112,293,,,
406,PennPed00086.png,4,(73 163),(180 353),Left,"474, 354","107, 190",0.121159026,252A21,95,TRUE,,107,190,,,
407,PennPed00086.png,5,(113 65),(164 197),Left,"474, 354","51, 132",0.040120146,252A21,95,TRUE,,51,132,,,
408,PennPed00087.png,1,(23 16),(148 322),Left,"325, 343","125, 306",0.343126261,252A22,95,TRUE,,125,306,,,
409,PennPed00088.png,1,(73 18),(215 312),Center,"375, 320","142, 294",0.3479,2B3327,95,TRUE,,142,294,,,
410,PennPed00089.png,1,(85 25),(165 294),Left,"428, 317","80, 269",0.158613167,CCC7BE,95,TRUE,,80,269,,,
411,PennPed00089.png,2,(140 6),(297 309),Center,"428, 317","157, 303",0.35062207,CCC7BE,95,TRUE,,157,303,,,
412,PennPed00090.png,1,(80 23),(212 358),Left,"500, 370","132, 335",0.239027027,21261B,95,TRUE,,132,335,,,
413,PennPed00090.png,2,(43 39),(122 346),Left,"500, 370","79, 307",0.131097297,21261B,95,TRUE,,79,307,,,
414,PennPed00090.png,3,(206 38),(366 326),Center,"500, 370","160, 288",0.249081081,21261B,95,TRUE,,160,288,,,
415,PennPed00091.png,1,(212 26),(336 321),Right,"372, 324","124, 295",0.303497942,272C23,95,TRUE,,124,295,,,
416,PennPed00092.png,1,(106 76),(311 434),Center,"600, 447","205, 358",0.273639075,BFBBB2,95,TRUE,,205,358,,,
417,PennPed00092.png,2,(288 94),(464 390),Center,"600, 447","176, 296",0.194243102,BFBBB2,95,TRUE,,176,296,,,
418,PennPed00093.png,1,(51 6),(222 302),Center,"368, 311","171, 296",0.442261988,2A3327,95,TRUE,,171,296,,,
419,PennPed00094.png,1,(122 27),(256 322),Center,"422, 349","134, 295",0.268403971,31382D,95,TRUE,,134,295,,,
420,PennPed00095.png,1,(193 50),(300 337),Center,"512, 375","107, 287",0.159942708,7C735D,95,TRUE,,107,287,,,
421,PennPed00095.png,2,(320 55),(432 335),Right,"512, 375","112, 280",0.163333333,7C735D,95,TRUE,,112,280,,,
422,PennPed00096.png,1,(6 38),(103 324),Left,"294, 331","97, 286",0.285077173,1B2312,95,TRUE,,97,286,,,
423,PennPed00096.png,2,(101 26),(206 323),Center,"294, 331","105, 297",0.320457488,1B2312,95,TRUE,,105,297,,,
,,,,,,,,,,,0.016548463,,,,,,
,,,,,,,,,,,7,,,,,,
